{  
 	"RW8cc7336eae6b4953b8ab6914h9a916zf":{
      "layers": ["0"],
      "domains":null,
      "isFeatureLevelControlled":"false",
      "type":"Tile",
      "supplierTypeName":"Topography",
      "allowedClientDomainIpList":null,
      "assetId":"RW8cc7336eae6b4953b8ab6914h9a916zf",
      "assetType":"REFERENCE_FEATURE_CLASS",
      "description":"Topography",
      "fieldControlStringList":null,
      "name":"Topography",
      "isGaInternalOnly":"null",
      "featureType":"LINE",
      "thumbUrl":"",
      "synonymGroup":null,
      "param3":{  
         "transitionEffect":null
      },
      "cswCatalogReference":null,
      "url":"http://www.ga.gov.au/gis/rest/services/topography/Australian_Topography_WM/MapServer",
      "tilecacheUrl": "http://www.ga.gov.au/gis/rest/services/topography/Australian_Topography_WM/MapServer",
      "wmsUrl":"http://www.ga.gov.au/gis/services/topography/Australian_Topography_WM/MapServer/WMSServer",
      "legend":null,
      "wfsUrl":"",
      "hasSynopsisServices":"false",
      "geometryType":"LINE",
      "visible": false,
      "categories": ["GENERAL"]
   },
       
   "RW8cc7336eae6b4953b8ab6915d2a916zf":{
      "layers":"Communities with more than 1000 people",
      "domains":null,
      "isFeatureLevelControlled":"false",
      "type":"WMS",
      "supplierTypeName":"MCA",
      "allowedClientDomainIpList":null,
      "assetId":"A8cc7336eae6b4953b8ab6915d2a916zf",
      "assetType":"REFERENCE_FEATURE_CLASS",
      "description":"EQ3: Site boundary X km from nearest community (~1,000 people). HSS1: Site boundary X km from an existing community (~1,000 people) or industrial area",
      "fieldControlStringList":null,
      "name":"Communities with more than 1000 people",
      "isGaInternalOnly":"null",
      "featureType":"POLYGON",
      "thumbUrl":"resources/img/thumbs/Communities%20with%20more%20than%201000%20people%20Thumbnail.png",
      "synonymGroup":null,
      "param3":{  
         "transitionEffect":null
      },
      "cswCatalogReference":null,
      "url":"http://www.ga.gov.au/arcgis/services/Maps/RadWaste_MCSA_Reference_Layers/MapServer/WMSServer",
      "tilecacheUrl":null,
      "wmsUrl":"http://www.ga.gov.au/arcgis/services/Maps/RadWaste_MCSA_Reference_Layers/MapServer/WMSServer",
      "legend":null,
      "wfsUrl":"",
      "hasSynopsisServices":"false",
      "geometryType":"POLYGON",
      "visible": false,
      "categories": ["GENERAL", "TOURISM", "INFRASTRUCTURE"]
   },
   
    "RW8cc7336eae6b4953b8ab6915d2a916af":{
      "layers":"Communities with more than 10000 people",
      "domains":null,
      "isFeatureLevelControlled":"false",
      "type":"WMS",
      "supplierTypeName":"MCA",
      "allowedClientDomainIpList":null,
      "assetId":"A8cc7336eae6b4953b8ab6915d2a916af",
      "assetType":"REFERENCE_FEATURE_CLASS",
      "description":"Site boundary X km from a regional centre (~10,000 people)",
      "fieldControlStringList":null,
      "name":"Communities with more than 10000 people",
      "isGaInternalOnly":"null",
      "featureType":"POLYGON",
      "thumbUrl":"resources/img/thumbs/Communities%20with%20more%20than%2010000%20people%20Thumbnail.png",
      "synonymGroup":null,
      "param3":{  
         "transitionEffect":null
      },
      "cswCatalogReference":null,
      "url":"http://www.ga.gov.au/arcgis/services/Maps/RadWaste_MCSA_Reference_Layers/MapServer/WMSServer",
      "tilecacheUrl":null,
      "wmsUrl":"http://www.ga.gov.au/arcgis/services/Maps/RadWaste_MCSA_Reference_Layers/MapServer/WMSServer",
      "legend":null,
      "wfsUrl":"",
      "hasSynopsisServices":"false",
      "geometryType":"POLYGON",
      "visible": false,
      "categories": ["GENERAL", "TOURISM", "INFRASTRUCTURE"]
   },
   
   "RW8cc7336eae6b4953b8ab6915d2a916am":{
      "layers":"Utilities",
      "domains":null,
      "isFeatureLevelControlled":"false",
      "type":"WMS",
      "supplierTypeName":"MCA",
      "allowedClientDomainIpList":null,
      "assetId":"A8cc7336eae6b4953b8ab6915d2a916am",
      "assetType":"REFERENCE_FEATURE_CLASS",
      "description":"Site boundary X km from a major utility easement or other path of access",
      "fieldControlStringList":null,
      "name":"Utilities",
      "isGaInternalOnly":"null",
      "featureType":"POLYGON",
      "thumbUrl":"resources/img/thumbs/Utilities%20Thumbnail.png",
      "synonymGroup":null,
      "param3":{  
         "transitionEffect":null
      },
      "cswCatalogReference":null,
      "url":"http://www.ga.gov.au/arcgis/services/Maps/RadWaste_MCSA_Reference_Layers/MapServer/WMSServer",
      "tilecacheUrl":null,
      "wmsUrl":"http://www.ga.gov.au/arcgis/services/Maps/RadWaste_MCSA_Reference_Layers/MapServer/WMSServer",
      "legend":null,
      "wfsUrl":"",
      "hasSynopsisServices":"false",
      "geometryType":"POLYGON",
      "visible": false,
      "categories": ["GENERAL", "AGRIBUSINESS", "INFRASTRUCTURE"]
   },
   
   "RW8cc7336eae6b4953b8ab6915d2a916ak":{
      "layers":"All Roads",
      "domains":null,
      "isFeatureLevelControlled":"false",
      "type":"WMS",
      "supplierTypeName":"MCA",
      "allowedClientDomainIpList":null,
      "assetId":"A8cc7336eae6b4953b8ab6915d2a916ak",
      "assetType":"REFERENCE_FEATURE_CLASS",
      "description":"Site boundary X km from a road that provides connection between regional centres (National Highway, Arterial Road or Sub-Arterial Road)",
      "fieldControlStringList":null,
      "name":"Roads",
      "isGaInternalOnly":"null",
      "featureType":"POLYGON",
      "thumbUrl":"resources/img/thumbs/Roads%20Thumbnail.png",
      "synonymGroup":null,
      "param3":{  
         "transitionEffect":null
      },
      "cswCatalogReference":null,
      "url":"http://www.ga.gov.au/arcgis/services/Maps/RadWaste_MCSA_Reference_Layers/MapServer/WMSServer",
      "tilecacheUrl":null,
      "wmsUrl":"http://www.ga.gov.au/arcgis/services/Maps/RadWaste_MCSA_Reference_Layers/MapServer/WMSServer",
      "legend":null,
      "wfsUrl":"",
      "hasSynopsisServices":"false",
      "geometryType":"POLYGON",
      "visible": false,
      "categories": ["GENERAL", "INFRASTRUCTURE"]
   },
   
    "RW8cc7336eae6b4953b8ab6915d2a916ai":{
      "layers":"Known Reserve or Park",
      "domains":null,
      "isFeatureLevelControlled":"false",
      "type":"WMS",
      "supplierTypeName":"MCA",
      "allowedClientDomainIpList":null,
      "assetId":"A8cc7336eae6b4953b8ab6915d2a916ai",
      "assetType":"REFERENCE_FEATURE_CLASS",
      "description":"Site boundary X m from a known reserve or park",
      "fieldControlStringList":null,
      "name":"Known Reserve or Park",
      "isGaInternalOnly":"null",
      "featureType":"POLYGON",
      "thumbUrl":"resources/img/thumbs/Known%20Reserve%20or%20Park%20Thumbnail.png",
      "synonymGroup":null,
      "param3":{  
         "transitionEffect":null
      },
      "cswCatalogReference":null,
      "url":"http://www.ga.gov.au/arcgis/services/Maps/RadWaste_MCSA_Reference_Layers/MapServer/WMSServer",
      "tilecacheUrl":null,
      "wmsUrl":"http://www.ga.gov.au/arcgis/services/Maps/RadWaste_MCSA_Reference_Layers/MapServer/WMSServer",
      "legend":null,
      "wfsUrl":"",
      "hasSynopsisServices":"false",
      "geometryType":"POLYGON",
      "visible": false,
      "categories": ["GENERAL", "TOURISM", "INFRASTRUCTURE", "AGRIBUSINESS"]
   },
   
   "RW8cc7336eae6b4953b8ab6915d2a916ap":{
      "layers":"Mining Operations Present",
      "domains":null,
      "isFeatureLevelControlled":"false",
      "type":"WMS",
      "supplierTypeName":"MCA",
      "allowedClientDomainIpList":null,
      "assetId":"A8cc7336eae6b4953b8ab6915d2a916ap",
      "assetType":"REFERENCE_FEATURE_CLASS",
      "description":"Site boundary X m from an area of high value natural resource",
      "fieldControlStringList":null,
      "name":"Mining operations present",
      "isGaInternalOnly":"null",
      "featureType":"POLYGON",
      "thumbUrl":"resources/img/thumbs/Mining%20Operations%20Present%20Thumbnail.png",
      "synonymGroup":null,
      "param3":{  
         "transitionEffect":null
      },
      "cswCatalogReference":null,
      "url":"http://www.ga.gov.au/arcgis/services/Maps/RadWaste_MCSA_Reference_Layers/MapServer/WMSServer",
      "tilecacheUrl":null,
      "wmsUrl":"http://www.ga.gov.au/arcgis/services/Maps/RadWaste_MCSA_Reference_Layers/MapServer/WMSServer",
      "legend":null,
      "wfsUrl":"",
      "hasSynopsisServices":"false",
      "geometryType":"POLYGON",
      "visible": false,
      "categories": ["INFRASTRUCTURE", "RESOURCES"]
   },
   
   "RW8cc7336eae6b4953b8ab6915d2a916zp":{
      "layers":"Registered Culturally Significant Sites",
      "domains":null,
      "isFeatureLevelControlled":"false",
      "type":"WMS",
      "supplierTypeName":"MCA",
      "allowedClientDomainIpList":null,
      "assetId":"A8cc7336eae6b4953b8ab6915d2a916zp",
      "assetType":"REFERENCE_FEATURE_CLASS",
      "description":"Site boundary X m from registered area of cultural significance (sacred sites etc)",
      "fieldControlStringList":null,
      "name":"Registered Culturally Significant Sites",
      "isGaInternalOnly":"null",
      "featureType":"POLYGON",
      "thumbUrl":"resources/img/thumbs/Registered%20Culturally%20Significant%20Sites.png",
      "synonymGroup":null,
      "param3":{  
         "transitionEffect":null
      },
      "cswCatalogReference":null,
      "url":"http://www.ga.gov.au/arcgis/services/Maps/RadWaste_MCSA_Reference_Layers/MapServer/WMSServer",
      "tilecacheUrl":null,
      "wmsUrl":"http://www.ga.gov.au/arcgis/services/Maps/RadWaste_MCSA_Reference_Layers/MapServer/WMSServer",
      "legend":null,
      "wfsUrl":"",
      "hasSynopsisServices":"false",
      "geometryType":"POLYGON",
      "visible": false,
      "categories": ["GENERAL", "INFRASTRUCTURE", "RESOURCES"]
   },
   
   "RW8cc7336eae6b4953b8ab6915d2a916aj":{
      "layers":"Presence of Cyclonic Winds",
      "domains":null,
      "isFeatureLevelControlled":"false",
      "type":"WMS",
      "supplierTypeName":"MCA",
      "allowedClientDomainIpList":null,
      "assetId":"A8cc7336eae6b4953b8ab6915d2a916aj",
      "assetType":"REFERENCE_FEATURE_CLASS",
      "description":"Site not located in a cyclonic wind area (wind regions C and D, AS1170.2)",
      "fieldControlStringList":null,
      "name":"Presence of Cyclonic Winds",
      "isGaInternalOnly":"null",
      "featureType":"POLYGON",
      "thumbUrl":"resources/img/thumbs/Presence%20of%20Cyclonic%20Winds%20Thumbnail.png",
      "synonymGroup":null,
      "param3":{  
         "transitionEffect":null
      },
      "cswCatalogReference":null,
      "url":"http://www.ga.gov.au/arcgis/services/Maps/RadWaste_MCSA_Reference_Layers/MapServer/WMSServer",
      "tilecacheUrl":null,
      "wmsUrl":"http://www.ga.gov.au/arcgis/services/Maps/RadWaste_MCSA_Reference_Layers/MapServer/WMSServer",
      "legend":null,
      "wfsUrl":"",
      "hasSynopsisServices":"false",
      "geometryType":"POLYGON",
      "visible": false,
      "categories": ["GENERAL", "AGRIBUSINESS", "INFRASTRUCTURE"]
   },
   
   "RW8cc7336eae6b4953b8ab6915d2a916ad":{
      "layers":"Rainfall",
      "domains":null,
      "isFeatureLevelControlled":"false",
      "type":"WMS",
      "supplierTypeName":"MCA",
      "allowedClientDomainIpList":null,
      "assetId":"A8cc7336eae6b4953b8ab6915d2a916ad",
      "assetType":"REFERENCE_FEATURE_CLASS",
      "description":"Site located in an area of rainfall of X mm/year",
      "fieldControlStringList":null,
      "name":"Rainfall",
      "isGaInternalOnly":"null",
      "featureType":"POLYGON",
      "thumbUrl":"resources/img/thumbs/Rainfall%20Thumbnail.png",
      "synonymGroup":null,
      "param3":{  
         "transitionEffect":null
      },
      "cswCatalogReference":null,
      "url":"http://www.ga.gov.au/arcgis/services/Maps/RadWaste_MCSA_Reference_Layers/MapServer/WMSServer",
      "tilecacheUrl":null,
      "wmsUrl":"http://www.ga.gov.au/arcgis/services/Maps/RadWaste_MCSA_Reference_Layers/MapServer/WMSServer",
      "legend":null,
      "wfsUrl":"",
      "hasSynopsisServices":"false",
      "geometryType":"POLYGON",
      "visible": false,
      "categories": ["GENERAL", "AGRIBUSINESS"]
   },
   
   "RW8cc7336eae6b4953b8ab6915d2a916ah":{
      "layers":"Earthquake Hazard Potential",
      "domains":null,
      "isFeatureLevelControlled":"false",
      "type":"WMS",
      "supplierTypeName":"MCA",
      "allowedClientDomainIpList":null,
      "assetId":"A8cc7336eae6b4953b8ab6915d2a916ah",
      "assetType":"REFERENCE_FEATURE_CLASS",
      "description":"Site within an area with earthquake hazard X with an annual probability of exceedance of 1/500",
      "fieldControlStringList":null,
      "name":"Earthquake Hazard Potential",
      "isGaInternalOnly":"null",
      "featureType":"POLYGON",
      "thumbUrl":"resources/img/thumbs/Earthquake%20Hazard%20Potential%20Thumbnail.png",
      "synonymGroup":null,
      "param3":{  
         "transitionEffect":null
      },
      "cswCatalogReference":null,
      "url":"http://www.ga.gov.au/arcgis/services/Maps/RadWaste_MCSA_Reference_Layers/MapServer/WMSServer",
      "tilecacheUrl":null,
      "wmsUrl":"http://www.ga.gov.au/arcgis/services/Maps/RadWaste_MCSA_Reference_Layers/MapServer/WMSServer",
      "legend":null,
      "wfsUrl":"",
      "hasSynopsisServices":"false",
      "geometryType":"POLYGON",
      "visible": false,
      "categories": ["GENERAL"]
   },
   
   "RW8cc7336eae6b4953b8ab6915d2a916al":{
      "layers":"Geological Faults",
      "domains":null,
      "isFeatureLevelControlled":"false",
      "type":"WMS",
      "supplierTypeName":"MCA",
      "allowedClientDomainIpList":null,
      "assetId":"A8cc7336eae6b4953b8ab6915d2a916al",
      "assetType":"REFERENCE_FEATURE_CLASS",
      "description":"Site boundary X km from known or anticipated major geological fault",
      "fieldControlStringList":null,
      "name":"Geological Faults",
      "isGaInternalOnly":"null",
      "featureType":"POLYGON",
      "thumbUrl":"resources/img/thumbs/Geological%20Faults%20Thumbnail.png",
      "synonymGroup":null,
      "param3":{  
         "transitionEffect":null
      },
      "cswCatalogReference":null,
      "url":"http://www.ga.gov.au/arcgis/services/Maps/RadWaste_MCSA_Reference_Layers/MapServer/WMSServer",
      "tilecacheUrl":null,
      "wmsUrl":"http://www.ga.gov.au/arcgis/services/Maps/RadWaste_MCSA_Reference_Layers/MapServer/WMSServer",
      "legend":null,
      "wfsUrl":"",
      "hasSynopsisServices":"false",
      "geometryType":"POLYGON",
      "visible": false,
      "categories": ["GENERAL", "RESOURCES", "INFRASTRUCTURE"]
   },
   
   "RW8cc7336eae6b4953b8ab6915d2a916ab":{
      "layers":"Presence of Water Detected",
      "domains":null,
      "isFeatureLevelControlled":"false",
      "type":"WMS",
      "supplierTypeName":"MCA",
      "allowedClientDomainIpList":null,
      "assetId":"A8cc7336eae6b4953b8ab6915d2a916ab",
      "assetType":"REFERENCE_FEATURE_CLASS",
      "description":"Site area identified as having held water in recent observation",
      "fieldControlStringList":null,
      "name":"Presence of Water detected from space",
      "isGaInternalOnly":"null",
      "featureType":"POLYGON",
      "thumbUrl":"resources/img/thumbs/WofS.png",
      "synonymGroup":null,
      "param3":{  
         "transitionEffect":null
      },
      "cswCatalogReference":null,
      "url":"http://www.ga.gov.au/arcgis/services/Maps/RadWaste_MCSA_Reference_Layers/MapServer/WMSServer",
      "tilecacheUrl":null,
      "wmsUrl":"http://www.ga.gov.au/arcgis/services/Maps/RadWaste_MCSA_Reference_Layers/MapServer/WMSServer",
      "legend":null,
      "wfsUrl":"",
      "hasSynopsisServices":"false",
      "geometryType":"POLYGON",
      "visible": false,
      "categories": ["GENERAL", "RESOURCES", "INFRASTRUCTURE"]
   },
   
    "RW8cc7336eae6b4953b8ab6915d2a916ae":{
      "layers":"NEXIS 100 1000 greater5perkm",
      "domains":null,
      "isFeatureLevelControlled":"false",
      "type":"WMS",
      "supplierTypeName":"MCA",
      "allowedClientDomainIpList":null,
      "assetId":"A8cc7336eae6b4953b8ab6915d2a916ae",
      "assetType":"REFERENCE_FEATURE_CLASS",
      "description":"Site boundary X km from an area of population density of 5 people per square kilometre",
      "fieldControlStringList":null,
      "name":"NEXIS 100 1000 greater5perkm",
      "isGaInternalOnly":"null",
      "featureType":"POLYGON",
      "thumbUrl":"resources/img/thumbs/Nexis%20100%201000%20greater5perkm%20Thumbnail.png",
      "synonymGroup":null,
      "param3":{  
         "transitionEffect":null
      },
      "cswCatalogReference":null,
      "url":"http://www.ga.gov.au/arcgis/services/Maps/RadWaste_MCSA_Reference_Layers/MapServer/WMSServer",
      "tilecacheUrl":null,
      "wmsUrl":"http://www.ga.gov.au/arcgis/services/Maps/RadWaste_MCSA_Reference_Layers/MapServer/WMSServer",
      "legend":null,
      "wfsUrl":"",
      "hasSynopsisServices":"false",
      "geometryType":"POLYGON",
      "visible": false,
      "categories": ["GENERAL", "TOURISM", "INFRASTRUCTURE", "RESOURCES"]
   },
   
   "RW8cc7336eae6b4953b8ab6915d2a916ao":{
      "layers":"Residential Buildings",
      "domains":null,
      "isFeatureLevelControlled":"false",
      "type":"WMS",
      "supplierTypeName":"MCA",
      "allowedClientDomainIpList":null,
      "assetId":"A8cc7336eae6b4953b8ab6915d2a916ao",
      "assetType":"REFERENCE_FEATURE_CLASS",
      "description":"Site boundary X km from the nearest residence",
      "fieldControlStringList":null,
      "name":"Residential Buildings",
      "isGaInternalOnly":"null",
      "featureType":"POLYGON",
      "thumbUrl":"resources/img/thumbs/Buildings%20Thumbnail.png",
      "synonymGroup":null,
      "param3":{  
         "transitionEffect":null
      },
      "cswCatalogReference":null,
      "url":"http://www.ga.gov.au/arcgis/services/Maps/RadWaste_MCSA_Reference_Layers/MapServer/WMSServer",
      "tilecacheUrl":null,
      "wmsUrl":"http://www.ga.gov.au/arcgis/services/Maps/RadWaste_MCSA_Reference_Layers/MapServer/WMSServer",
      "legend":null,
      "wfsUrl":"",
      "hasSynopsisServices":"false",
      "geometryType":"POLYGON",
      "visible": false,
      "categories": ["GENERAL", "INFRASTRUCTURE"]
   },
	
   "RW8cc7336eae6b4953b8ab6915d2a716ai":{
      "layers":"Areas of National Environmental Significance",
      "domains":null,
      "isFeatureLevelControlled":"false",
      "type":"WMS",
      "supplierTypeName":"MCA",
      "allowedClientDomainIpList":null,
      "assetId":"RW8cc7336eae6b4953b8ab6915d2a716ai",
      "assetType":"REFERENCE_FEATURE_CLASS",
      "description":"Site boundary X m from an area of national environmental significance",
      "fieldControlStringList":null,
      "name":"Areas of National Environmental Significance",
      "isGaInternalOnly":"null",
      "featureType":"POLYGON",
      "thumbUrl":"resources/img/thumbs/Areas%20of%20National%20Environmental%20Significance%20Thumbnail.png",
      "synonymGroup":null,
      "param3":{  
         "transitionEffect":null
      },
      "cswCatalogReference":null,
      "url":"http://www.ga.gov.au/arcgis/services/Maps/RadWaste_MCSA_Reference_Layers/MapServer/WMSServer",
      "tilecacheUrl":null,
      "wmsUrl":"http://www.ga.gov.au/arcgis/services/Maps/RadWaste_MCSA_Reference_Layers/MapServer/WMSServer",
      "legend":null,
      "wfsUrl":"",
      "hasSynopsisServices":"false",
      "geometryType":"POLYGON",
      "visible": false,
      "categories": ["GENERAL", "TOURISM", "INFRASTRUCTURE", "RESOURCES", "AGRIBUSINESS"]
   },
   
   "RW8cc7336eae6b4953b8ab6915d2a916ag":{
      "layers":"Registered Heritage Areas",
      "domains":null,
      "isFeatureLevelControlled":"false",
      "type":"WMS",
      "supplierTypeName":"MCA",
      "allowedClientDomainIpList":null,
      "assetId":"RW8cc7336eae6b4953b8ab6915d2a916ag",
      "assetType":"REFERENCE_FEATURE_CLASS",
      "description":"Site boundary X m from a registered heritage area",
      "fieldControlStringList":null,
      "name":"Registered Heritage Areas",
      "isGaInternalOnly":"null",
      "featureType":"POLYGON",
      "thumbUrl":"resources/img/thumbs/Registered Heritage Areas Thumbnail.png",
      "synonymGroup":null,
      "param3":{  
         "transitionEffect":null
      },
      "cswCatalogReference":null,
      "url":"http://www.ga.gov.au/arcgis/services/Maps/RadWaste_MCSA_Reference_Layers/MapServer/WMSServer",
      "tilecacheUrl":null,
      "wmsUrl":"http://www.ga.gov.au/arcgis/services/Maps/RadWaste_MCSA_Reference_Layers/MapServer/WMSServer",
      "legend":null,
      "wfsUrl":"",
      "hasSynopsisServices":"false",
      "geometryType":"POLYGON",
      "visible": false,
      "categories": ["GENERAL", "TOURISM", "INFRASTRUCTURE", "RESOURCES", "AGRIBUSINESS"]
   },

   "RW8cc7336eae6b4953b8ab6915d2a916b8":{
      "layers":"Remoteness Area Boundaries",
      "domains":null,
      "isFeatureLevelControlled":"false",
      "type":"WMS",
      "supplierTypeName":"MCA",
      "allowedClientDomainIpList":null,
      "assetId":"RW8cc7336eae6b4953b8ab6915d2a916b8",
      "assetType":"REFERENCE_FEATURE_CLASS",
      "description":"Remoteness area boundaries.",
      "fieldControlStringList":null,
      "name":"Remoteness Area Boundaries",
      "isGaInternalOnly":"null",
      "featureType":"POLYGON",
      "synonymGroup":null,
      "param3":{  
         "transitionEffect":null
      },
      "cswCatalogReference":null,
      "url":"http://www.ga.gov.au/arcgis/services/Maps/RadWaste_MCSA_Reference_Layers/MapServer/WMSServer",
      "tilecacheUrl":null,
      "wmsUrl":"http://www.ga.gov.au/arcgis/services/Maps/RadWaste_MCSA_Reference_Layers/MapServer/WMSServer",
      "legend":null,
      "wfsUrl":"",
      "hasSynopsisServices":"false",
      "geometryType":"POLYGON",
      "visible": false,
      "categories": ["GENERAL", "INFRASTRUCTURE", "RESOURCES", "AGRIBUSINESS"]
   }
}